{
  "blur": 0.2,
  "unsharp_radius": 1.9999999999999998,
  "unsharp_percent": 160,
  "contrast": 0.9999999999999998,
  "brightness": 0.9500000000000001,
  "gamma": 0.7999999999999998
}